game_id,white,black,white_elo,black_elo,chess_fen,move_made
1,EulerE,dsg0001,1036,1230,rnbqkbnr/pppppppp/8/8/8/5P2/PPPPP1PP/RNBQKBNR b KQkq - 0 1,f2f3
1,EulerE,dsg0001,1036,1230,rnbqkbnr/pppp1ppp/8/4p3/8/5P2/PPPPP1PP/RNBQKBNR w KQkq - 0 2,e7e5
1,EulerE,dsg0001,1036,1230,rnbqkbnr/pppp1ppp/8/4p3/6P1/5P2/PPPPP2P/RNBQKBNR b KQkq - 0 2,g2g4
1,EulerE,dsg0001,1036,1230,rnbqkbnr/ppp2ppp/8/3pp3/6P1/5P2/PPPPP2P/RNBQKBNR w KQkq - 0 3,d7d5
1,EulerE,dsg0001,1036,1230,rnbqkbnr/ppp2ppp/8/3pp3/6P1/5P1N/PPPPP2P/RNBQKB1R b KQkq - 1 3,g1h3
1,EulerE,dsg0001,1036,1230,rnb1kbnr/ppp2ppp/8/3pp3/6Pq/5P1N/PPPPP2P/RNBQKB1R w KQkq - 2 4,d8h4
1,EulerE,dsg0001,1036,1230,rnb1kbnr/ppp2ppp/8/3pp3/6Pq/5P2/PPPPPN1P/RNBQKB1R b KQkq - 3 4,h3f2
1,EulerE,dsg0001,1036,1230,rnb1k1nr/ppp2ppp/8/2bpp3/6Pq/5P2/PPPPPN1P/RNBQKB1R w KQkq - 4 5,f8c5
1,EulerE,dsg0001,1036,1230,rnb1k1nr/ppp2ppp/8/2bpp3/6Pq/5P2/PPPPPN1P/RNBQKBR1 b Qkq - 5 5,h1g1
1,EulerE,dsg0001,1036,1230,rnb1k1nr/ppp2ppp/8/2bpp3/6P1/5P2/PPPPPq1P/RNBQKBR1 w Qkq - 0 6,h4f2
2,KnightKiller999,EulerE,1129,931,rnbqkbnr/pppppppp/8/8/4P3/8/PPPP1PPP/RNBQKBNR b KQkq - 0 1,e2e4
2,KnightKiller999,EulerE,1129,931,rnbqkbnr/ppp1pppp/3p4/8/4P3/8/PPPP1PPP/RNBQKBNR w KQkq - 0 2,d7d6
2,KnightKiller999,EulerE,1129,931,rnbqkbnr/ppp1pppp/3p4/8/3PP3/8/PPP2PPP/RNBQKBNR b KQkq - 0 2,d2d4
2,KnightKiller999,EulerE,1129,931,rnbqkbnr/pp2pppp/3p4/2p5/3PP3/8/PPP2PPP/RNBQKBNR w KQkq - 0 3,c7c5
2,KnightKiller999,EulerE,1129,931,rnbqkbnr/pp2pppp/3p4/2P5/4P3/8/PPP2PPP/RNBQKBNR b KQkq - 0 3,d4c5
2,KnightKiller999,EulerE,1129,931,rnbqkbnr/pp2pppp/8/2p5/4P3/8/PPP2PPP/RNBQKBNR w KQkq - 0 4,d6c5
2,KnightKiller999,EulerE,1129,931,rnbQkbnr/pp2pppp/8/2p5/4P3/8/PPP2PPP/RNB1KBNR b KQkq - 0 4,d1d8
2,KnightKiller999,EulerE,1129,931,rnbk1bnr/pp2pppp/8/2p5/4P3/8/PPP2PPP/RNB1KBNR w KQ - 0 5,e8d8
2,KnightKiller999,EulerE,1129,931,rnbk1bnr/pp2pppp/8/2p5/4P3/2P5/PP3PPP/RNB1KBNR b KQ - 0 5,c2c3
2,KnightKiller999,EulerE,1129,931,rn1k1bnr/pp1bpppp/8/2p5/4P3/2P5/PP3PPP/RNB1KBNR w KQ - 1 6,c8d7
2,KnightKiller999,EulerE,1129,931,rn1k1bnr/pp1bpppp/8/2p5/4P3/2P1B3/PP3PPP/RN2KBNR b KQ - 2 6,c1e3
2,KnightKiller999,EulerE,1129,931,r2k1bnr/pp1bpppp/2n5/2p5/4P3/2P1B3/PP3PPP/RN2KBNR w KQ - 3 7,b8c6
2,KnightKiller999,EulerE,1129,931,r2k1bnr/pp1bpppp/2n5/2B5/4P3/2P5/PP3PPP/RN2KBNR b KQ - 0 7,e3c5
2,KnightKiller999,EulerE,1129,931,r2k1bnr/pp2pppp/2n1b3/2B5/4P3/2P5/PP3PPP/RN2KBNR w KQ - 1 8,d7e6
2,KnightKiller999,EulerE,1129,931,r2k1bnr/pp2pppp/2n1b3/2B5/4P3/2P2N2/PP3PPP/RN2KB1R b KQ - 2 8,g1f3
2,KnightKiller999,EulerE,1129,931,1r1k1bnr/pp2pppp/2n1b3/2B5/4P3/2P2N2/PP3PPP/RN2KB1R w KQ - 3 9,a8b8
2,KnightKiller999,EulerE,1129,931,1r1k1bnr/pp2pppp/2n1b3/2B5/4P3/2P2N2/PP1N1PPP/R3KB1R b KQ - 4 9,b1d2
2,KnightKiller999,EulerE,1129,931,1rk2bnr/pp2pppp/2n1b3/2B5/4P3/2P2N2/PP1N1PPP/R3KB1R w KQ - 5 10,d8c8
2,KnightKiller999,EulerE,1129,931,1rk2bnr/pp2pppp/2n1b3/1BB5/4P3/2P2N2/PP1N1PPP/R3K2R b KQ - 6 10,f1b5
2,KnightKiller999,EulerE,1129,931,1rk2bnr/1p2pppp/p1n1b3/1BB5/4P3/2P2N2/PP1N1PPP/R3K2R w KQ - 0 11,a7a6
2,KnightKiller999,EulerE,1129,931,1rk2bnr/1p2pppp/p1B1b3/2B5/4P3/2P2N2/PP1N1PPP/R3K2R b KQ - 0 11,b5c6
2,KnightKiller999,EulerE,1129,931,1rk2bnr/4pppp/p1p1b3/2B5/4P3/2P2N2/PP1N1PPP/R3K2R w KQ - 0 12,b7c6
2,KnightKiller999,EulerE,1129,931,1rk2bnr/4pppp/p1p1b3/2B5/4P3/2P2N2/PP1N1PPP/2KR3R b - - 1 12,e1c1
2,KnightKiller999,EulerE,1129,931,1r1k1bnr/4pppp/p1p1b3/2B5/4P3/2P2N2/PP1N1PPP/2KR3R w - - 2 13,c8d8
2,KnightKiller999,EulerE,1129,931,1r1k1bnr/4pppp/p1p1b3/2B3N1/4P3/2P5/PP1N1PPP/2KR3R b - - 3 13,f3g5
2,KnightKiller999,EulerE,1129,931,1r1k1bnr/4pppp/p1p5/2B3N1/2b1P3/2P5/PP1N1PPP/2KR3R w - - 4 14,e6c4
2,KnightKiller999,EulerE,1129,931,1r1k1bnr/4pppp/p1p5/2B3N1/2N1P3/2P5/PP3PPP/2KR3R b - - 0 14,d2c4
2,KnightKiller999,EulerE,1129,931,1rk2bnr/4pppp/p1p5/2B3N1/2N1P3/2P5/PP3PPP/2KR3R w - - 1 15,d8c8
2,KnightKiller999,EulerE,1129,931,1rk2bnr/4pNpp/p1p5/2B5/2N1P3/2P5/PP3PPP/2KR3R b - - 0 15,g5f7
2,KnightKiller999,EulerE,1129,931,1rk2b1r/4pNpp/p1p2n2/2B5/2N1P3/2P5/PP3PPP/2KR3R w - - 1 16,g8f6
2,KnightKiller999,EulerE,1129,931,1rk2b1N/4p1pp/p1p2n2/2B5/2N1P3/2P5/PP3PPP/2KR3R b - - 0 16,f7h8
2,KnightKiller999,EulerE,1129,931,2k2b1N/4p1pp/p1p2n2/1rB5/2N1P3/2P5/PP3PPP/2KR3R w - - 1 17,b8b5
2,KnightKiller999,EulerE,1129,931,2k2b1N/4p1pp/p1p2n2/1r6/2N1P3/B1P5/PP3PPP/2KR3R b - - 2 17,c5a3
2,KnightKiller999,EulerE,1129,931,2k2b1N/4p1pp/p1p2n2/r7/2N1P3/B1P5/PP3PPP/2KR3R w - - 3 18,b5a5
2,KnightKiller999,EulerE,1129,931,2k2b2/4pNpp/p1p2n2/r7/2N1P3/B1P5/PP3PPP/2KR3R b - - 4 18,h8f7
2,KnightKiller999,EulerE,1129,931,2k2b2/4pNpp/p1p2n2/8/r1N1P3/B1P5/PP3PPP/2KR3R w - - 5 19,a5a4
2,KnightKiller999,EulerE,1129,931,2k2b2/4pNpp/pNp2n2/8/r3P3/B1P5/PP3PPP/2KR3R b - - 6 19,c4b6
2,KnightKiller999,EulerE,1129,931,5b2/1k2pNpp/pNp2n2/8/r3P3/B1P5/PP3PPP/2KR3R w - - 7 20,c8b7
2,KnightKiller999,EulerE,1129,931,5b2/1k2pNpp/p1p2n2/8/N3P3/B1P5/PP3PPP/2KR3R b - - 0 20,b6a4
2,KnightKiller999,EulerE,1129,931,5b2/1k2pNpp/p4n2/2p5/N3P3/B1P5/PP3PPP/2KR3R w - - 0 21,c6c5
2,KnightKiller999,EulerE,1129,931,5b2/1k2pNpp/p4n2/2N5/4P3/B1P5/PP3PPP/2KR3R b - - 0 21,a4c5
2,KnightKiller999,EulerE,1129,931,5b2/4pNpp/p1k2n2/2N5/4P3/B1P5/PP3PPP/2KR3R w - - 1 22,b7c6
2,KnightKiller999,EulerE,1129,931,5b2/4p1pp/p1k2n2/2N1N3/4P3/B1P5/PP3PPP/2KR3R b - - 2 22,f7e5
2,KnightKiller999,EulerE,1129,931,5b2/4p1pp/p4n2/1kN1N3/4P3/B1P5/PP3PPP/2KR3R w - - 3 23,c6b5
2,KnightKiller999,EulerE,1129,931,5b2/3Np1pp/p4n2/1k2N3/4P3/B1P5/PP3PPP/2KR3R b - - 4 23,c5d7
2,KnightKiller999,EulerE,1129,931,5b2/3N2pp/p3pn2/1k2N3/4P3/B1P5/PP3PPP/2KR3R w - - 0 24,e7e6
2,KnightKiller999,EulerE,1129,931,5N2/6pp/p3pn2/1k2N3/4P3/B1P5/PP3PPP/2KR3R b - - 0 24,d7f8
2,KnightKiller999,EulerE,1129,931,5N2/6pp/p3p3/1k2N3/4n3/B1P5/PP3PPP/2KR3R w - - 0 25,f6e4
2,KnightKiller999,EulerE,1129,931,8/6pN/p3p3/1k2N3/4n3/B1P5/PP3PPP/2KR3R b - - 0 25,f8h7
2,KnightKiller999,EulerE,1129,931,8/6pN/p3p3/1k2N3/8/B1P5/PP3nPP/2KR3R w - - 0 26,e4f2
2,KnightKiller999,EulerE,1129,931,8/6pN/p3p3/1k2N3/8/B1P5/PP3nPP/2KR1R2 b - - 1 26,h1f1
2,KnightKiller999,EulerE,1129,931,8/6pN/p3p3/1k2N3/6n1/B1P5/PP4PP/2KR1R2 w - - 2 27,f2g4
2,KnightKiller999,EulerE,1129,931,8/6pN/p3p3/1k6/6N1/B1P5/PP4PP/2KR1R2 b - - 0 27,e5g4
2,KnightKiller999,EulerE,1129,931,8/6pN/p7/1k2p3/6N1/B1P5/PP4PP/2KR1R2 w - - 0 28,e6e5
2,KnightKiller999,EulerE,1129,931,8/6pN/p7/1k2N3/8/B1P5/PP4PP/2KR1R2 b - - 0 28,g4e5
3,EulerE,Hygoo,838,945,rnbqkbnr/pppppppp/8/8/8/5P2/PPPPP1PP/RNBQKBNR b KQkq - 0 1,f2f3
3,EulerE,Hygoo,838,945,rnbqkbnr/pppp1ppp/8/4p3/8/5P2/PPPPP1PP/RNBQKBNR w KQkq - 0 2,e7e5
3,EulerE,Hygoo,838,945,rnbqkbnr/pppp1ppp/8/4p3/8/5PP1/PPPPP2P/RNBQKBNR b KQkq - 0 2,g2g3
3,EulerE,Hygoo,838,945,rnbqkbnr/ppp2ppp/8/3pp3/8/5PP1/PPPPP2P/RNBQKBNR w KQkq - 0 3,d7d5
3,EulerE,Hygoo,838,945,rnbqkbnr/ppp2ppp/8/3pp3/4P3/5PP1/PPPP3P/RNBQKBNR b KQkq - 0 3,e2e4
3,EulerE,Hygoo,838,945,rnbqkb1r/ppp2ppp/5n2/3pp3/4P3/5PP1/PPPP3P/RNBQKBNR w KQkq - 1 4,g8f6
3,EulerE,Hygoo,838,945,rnbqkb1r/ppp2ppp/5n2/3Pp3/8/5PP1/PPPP3P/RNBQKBNR b KQkq - 0 4,e4d5
3,EulerE,Hygoo,838,945,rnbqkb1r/ppp2ppp/8/3np3/8/5PP1/PPPP3P/RNBQKBNR w KQkq - 0 5,f6d5
3,EulerE,Hygoo,838,945,rnbqkb1r/ppp2ppp/8/3np3/8/5PP1/PPPPQ2P/RNB1KBNR b KQkq - 1 5,d1e2
3,EulerE,Hygoo,838,945,r1bqkb1r/ppp2ppp/2n5/3np3/8/5PP1/PPPPQ2P/RNB1KBNR w KQkq - 2 6,b8c6
3,EulerE,Hygoo,838,945,r1bqkb1r/ppp2ppp/2n5/3np3/8/5PPB/PPPPQ2P/RNB1K1NR b KQkq - 3 6,f1h3
3,EulerE,Hygoo,838,945,r2qkb1r/ppp2ppp/2n5/3np3/8/5PPb/PPPPQ2P/RNB1K1NR w KQkq - 0 7,c8h3
3,EulerE,Hygoo,838,945,r2qkb1r/ppp2ppp/2n5/3np3/8/5PPN/PPPPQ2P/RNB1K2R b KQkq - 0 7,g1h3
3,EulerE,Hygoo,838,945,r2qk2r/ppp2ppp/2n5/2bnp3/8/5PPN/PPPPQ2P/RNB1K2R w KQkq - 1 8,f8c5
3,EulerE,Hygoo,838,945,r2qk2r/ppp2ppp/2n5/2bnp3/4Q3/5PPN/PPPP3P/RNB1K2R b KQkq - 2 8,e2e4
3,EulerE,Hygoo,838,945,r2qk2r/ppp3pp/2n5/2bnpp2/4Q3/5PPN/PPPP3P/RNB1K2R w KQkq - 0 9,f7f5
3,EulerE,Hygoo,838,945,r2qk2r/ppp3pp/2n5/2bnpQ2/8/5PPN/PPPP3P/RNB1K2R b KQkq - 0 9,e4f5
3,EulerE,Hygoo,838,945,r2qk2r/ppp3pp/2n5/3npQ2/3b4/5PPN/PPPP3P/RNB1K2R w KQkq - 1 10,c5d4
3,EulerE,Hygoo,838,945,r2qk2r/ppp3pp/2n5/3npQ2/3b4/5PPN/PPPP3P/RNB1KR2 b Qkq - 2 10,h1f1
3,EulerE,Hygoo,838,945,r2qk2r/ppp4p/2n3p1/3npQ2/3b4/5PPN/PPPP3P/RNB1KR2 w Qkq - 0 11,g7g6
3,EulerE,Hygoo,838,945,r2qk2r/ppp4p/2n3p1/3np3/3b4/3Q1PPN/PPPP3P/RNB1KR2 b Qkq - 1 11,f5d3
3,EulerE,Hygoo,838,945,r3k2r/ppp4p/2n2qp1/3np3/3b4/3Q1PPN/PPPP3P/RNB1KR2 w Qkq - 2 12,d8f6
3,EulerE,Hygoo,838,945,r3k2r/ppp4p/2n2qp1/3np3/3Q4/5PPN/PPPP3P/RNB1KR2 b Qkq - 0 12,d3d4
3,EulerE,Hygoo,838,945,r3k2r/ppp4p/2n2qp1/3n4/3p4/5PPN/PPPP3P/RNB1KR2 w Qkq - 0 13,e5d4
3,EulerE,Hygoo,838,945,r3k2r/ppp4p/2n2qp1/3n4/3p4/2P2PPN/PP1P3P/RNB1KR2 b Qkq - 0 13,c2c3
3,EulerE,Hygoo,838,945,2kr3r/ppp4p/2n2qp1/3n4/3p4/2P2PPN/PP1P3P/RNB1KR2 w Q - 1 14,e8c8
3,EulerE,Hygoo,838,945,2kr3r/ppp4p/2n2qp1/3n4/3p1P2/2P3PN/PP1P3P/RNB1KR2 b Q - 0 14,f3f4
3,EulerE,Hygoo,838,945,2kr3r/ppp4p/2n3p1/3n1q2/3p1P2/2P3PN/PP1P3P/RNB1KR2 w Q - 1 15,f6f5
3,EulerE,Hygoo,838,945,2kr3r/ppp4p/2n3p1/3n1q2/3p1PP1/2P4N/PP1P3P/RNB1KR2 b Q - 0 15,g3g4
3,EulerE,Hygoo,838,945,2k1r2r/ppp4p/2n3p1/3n1q2/3p1PP1/2P4N/PP1P3P/RNB1KR2 w Q - 1 16,d8e8
3,EulerE,Hygoo,838,945,2k1r2r/ppp4p/2n3p1/3n1q2/3p1PP1/2P4N/PP1P1K1P/RNB2R2 b - - 2 16,e1f2
3,EulerE,Hygoo,838,945,2k1r2r/ppp4p/2n3p1/3n4/3p1Pq1/2P4N/PP1P1K1P/RNB2R2 w - - 0 17,f5g4
3,EulerE,Hygoo,838,945,2k1r2r/ppp4p/2n3p1/3n4/3p1Pq1/2P4N/PP1P1K1P/RNB1R3 b - - 1 17,f1e1
3,EulerE,Hygoo,838,945,2k1r2r/ppp4p/2n3p1/3n4/3p1P2/2P4q/PP1P1K1P/RNB1R3 w - - 0 18,g4h3
3,EulerE,Hygoo,838,945,2k1r2r/ppp4p/2n3p1/3n4/3p1P2/2P4q/PP1P1K1P/RNB4R b - - 1 18,e1h1
3,EulerE,Hygoo,838,945,2k1rr2/ppp4p/2n3p1/3n4/3p1P2/2P4q/PP1P1K1P/RNB4R w - - 2 19,h8f8
3,EulerE,Hygoo,838,945,2k1rr2/ppp4p/2n3p1/3n4/3p1P2/2PP3q/PP3K1P/RNB4R b - - 0 19,d2d3
3,EulerE,Hygoo,838,945,2k1r3/ppp4p/2n3p1/3n4/3p1r2/2PP3q/PP3K1P/RNB4R w - - 0 20,f8f4
3,EulerE,Hygoo,838,945,2k1r3/ppp4p/2n3p1/3n4/3p1B2/2PP3q/PP3K1P/RN5R b - - 0 20,c1f4
3,EulerE,Hygoo,838,945,2k1r3/ppp4p/2n3p1/8/3p1n2/2PP3q/PP3K1P/RN5R w - - 0 21,d5f4
3,EulerE,Hygoo,838,945,2k1r3/ppp4p/2n3p1/8/3p1n2/2PP3q/PP5P/RN4KR b - - 1 21,f2g1
3,EulerE,Hygoo,838,945,2k1r3/ppp4p/2n3p1/8/3p4/2PP3q/PP2n2P/RN4KR w - - 2 22,f4e2
3,EulerE,Hygoo,838,945,2k1r3/ppp4p/2n3p1/8/3p4/2PP3q/PP2nK1P/RN5R b - - 3 22,g1f2
3,EulerE,Hygoo,838,945,2k2r2/ppp4p/2n3p1/8/3p4/2PP3q/PP2nK1P/RN5R w - - 4 23,e8f8
3,EulerE,Hygoo,838,945,2k2r2/ppp4p/2n3p1/8/3p4/2PP3q/PP2K2P/RN5R b - - 0 23,f2e2
3,EulerE,Hygoo,838,945,2k2r2/ppp4p/2n5/6p1/3p4/2PP3q/PP2K2P/RN5R w - - 0 24,g6g5
3,EulerE,Hygoo,838,945,2k2r2/ppp4p/2n5/6p1/3p4/2PP3q/PP1NK2P/R6R b - - 1 24,b1d2
3,EulerE,Hygoo,838,945,2k2r2/ppp1n2p/8/6p1/3p4/2PP3q/PP1NK2P/R6R w - - 2 25,c6e7
3,EulerE,Hygoo,838,945,2k2r2/ppp1n2p/8/6p1/3p4/2PP3q/PP1NK2P/R4R2 b - - 3 25,h1f1
3,EulerE,Hygoo,838,945,2k5/ppp1n2p/8/6p1/3p4/2PP3q/PP1NK2P/R4r2 w - - 0 26,f8f1
3,EulerE,Hygoo,838,945,2k5/ppp1n2p/8/6p1/3p4/2PP3q/PP2K2P/R4N2 b - - 0 26,d2f1
3,EulerE,Hygoo,838,945,2k5/ppp1n2p/8/8/3p2p1/2PP3q/PP2K2P/R4N2 w - - 0 27,g5g4
3,EulerE,Hygoo,838,945,2k5/ppp1n2p/8/8/2Pp2p1/3P3q/PP2K2P/R4N2 b - - 0 27,c3c4
3,EulerE,Hygoo,838,945,2k5/ppp4p/8/5n2/2Pp2p1/3P3q/PP2K2P/R4N2 w - - 1 28,e7f5
3,EulerE,Hygoo,838,945,2k5/ppp4p/8/5n2/2Pp2p1/1P1P3q/P3K2P/R4N2 b - - 0 28,b2b3
3,EulerE,Hygoo,838,945,2k5/ppp4p/8/8/2Pp2p1/1P1Pn2q/P3K2P/R4N2 w - - 1 29,f5e3
3,EulerE,Hygoo,838,945,2k5/ppp4p/8/8/2Pp2p1/1P1PN2q/P3K2P/R7 b - - 0 29,f1e3
3,EulerE,Hygoo,838,945,2k5/ppp4p/8/8/2P3p1/1P1Pp2q/P3K2P/R7 w - - 0 30,d4e3
3,EulerE,Hygoo,838,945,2k5/ppp4p/8/8/2P3p1/1P1Pp2q/P6P/R2K4 b - - 1 30,e2d1
3,EulerE,Hygoo,838,945,2k5/ppp4p/8/8/2P3p1/1P1Pp3/P6q/R2K4 w - - 0 31,h3h2
3,EulerE,Hygoo,838,945,2k5/ppp4p/8/8/2P3p1/1P1Pp3/P6q/2RK4 b - - 1 31,a1c1
3,EulerE,Hygoo,838,945,2k5/ppp4p/8/8/2P5/1P1Pp1p1/P6q/2RK4 w - - 0 32,g4g3
3,EulerE,Hygoo,838,945,2k5/ppp4p/8/8/2P5/1P1Pp1p1/P1R4q/3K4 b - - 1 32,c1c2
3,EulerE,Hygoo,838,945,2k5/ppp4p/8/8/2P5/1P1Pp3/P1R3pq/3K4 w - - 0 33,g3g2
3,EulerE,Hygoo,838,945,2k5/ppp4p/8/8/2P5/1P1Pp3/P1R1K1pq/8 b - - 1 33,d1e2
3,EulerE,Hygoo,838,945,2k5/ppp4p/8/8/2P5/1P1Pp3/P1R1K2q/6q1 w - - 0 34,g2g1q
3,EulerE,Hygoo,838,945,2k5/ppp4p/8/8/2P5/1P1PpK2/P1R4q/6q1 b - - 1 34,e2f3
3,EulerE,Hygoo,838,945,2k5/ppp4p/8/8/2P5/1P1PpKq1/P1R4q/8 w - - 2 35,g1g3
3,EulerE,Hygoo,838,945,2k5/ppp4p/8/8/2P1K3/1P1Pp1q1/P1R4q/8 b - - 3 35,f3e4
3,EulerE,Hygoo,838,945,2k5/ppp4p/8/8/2P1K3/1P1Pp1q1/P1q5/8 w - - 0 36,h2c2
3,EulerE,Hygoo,838,945,2k5/ppp4p/8/5K2/2P5/1P1Pp1q1/P1q5/8 b - - 1 36,e4f5
3,EulerE,Hygoo,838,945,2k5/ppp4p/8/5K2/2P5/1P1P2q1/P1q1p3/8 w - - 0 37,e3e2
3,EulerE,Hygoo,838,945,2k5/ppp4p/8/2P2K2/8/1P1P2q1/P1q1p3/8 b - - 0 37,c4c5
3,EulerE,Hygoo,838,945,2k5/ppp4p/8/2P2K2/8/1P1P2q1/P1q5/4q3 w - - 0 38,e2e1q
3,EulerE,Hygoo,838,945,2k5/ppp4p/2P5/5K2/8/1P1P2q1/P1q5/4q3 b - - 0 38,c5c6
3,EulerE,Hygoo,838,945,2k5/ppp4p/2P5/5K2/8/1P1P2q1/P4q2/4q3 w - - 1 39,c2f2
4,kara35356,EulerE,852,762,rnbqkbnr/pppppppp/8/8/4P3/8/PPPP1PPP/RNBQKBNR b KQkq - 0 1,e2e4
4,kara35356,EulerE,852,762,rnbqkbnr/ppp1pppp/3p4/8/4P3/8/PPPP1PPP/RNBQKBNR w KQkq - 0 2,d7d6
4,kara35356,EulerE,852,762,rnbqkbnr/ppp1pppp/3p4/8/3PP3/8/PPP2PPP/RNBQKBNR b KQkq - 0 2,d2d4
4,kara35356,EulerE,852,762,rnbqkbnr/pp2pppp/3p4/2p5/3PP3/8/PPP2PPP/RNBQKBNR w KQkq - 0 3,c7c5
4,kara35356,EulerE,852,762,rnbqkbnr/pp2pppp/3p4/2pP4/4P3/8/PPP2PPP/RNBQKBNR b KQkq - 0 3,d4d5
4,kara35356,EulerE,852,762,rn1qkbnr/pp1bpppp/3p4/2pP4/4P3/8/PPP2PPP/RNBQKBNR w KQkq - 1 4,c8d7
4,kara35356,EulerE,852,762,rn1qkbnr/pp1bpppp/3p4/2pP4/4P3/2N5/PPP2PPP/R1BQKBNR b KQkq - 2 4,b1c3
4,kara35356,EulerE,852,762,rn2kbnr/pp1bpppp/3p4/q1pP4/4P3/2N5/PPP2PPP/R1BQKBNR w KQkq - 3 5,d8a5
4,kara35356,EulerE,852,762,rn2kbnr/pp1bpppp/3p4/q1pP4/4P1P1/2N5/PPP2P1P/R1BQKBNR b KQkq - 0 5,g2g4
4,kara35356,EulerE,852,762,r3kbnr/pp1bpppp/2np4/q1pP4/4P1P1/2N5/PPP2P1P/R1BQKBNR w KQkq - 1 6,b8c6
4,kara35356,EulerE,852,762,r3kbnr/pp1bpppp/2Pp4/q1p5/4P1P1/2N5/PPP2P1P/R1BQKBNR b KQkq - 0 6,d5c6
4,kara35356,EulerE,852,762,r3kbnr/p2bpppp/2pp4/q1p5/4P1P1/2N5/PPP2P1P/R1BQKBNR w KQkq - 0 7,b7c6
4,kara35356,EulerE,852,762,r3kbnr/p2bpppp/2pp4/q1p5/4P1P1/2N4P/PPP2P2/R1BQKBNR b KQkq - 0 7,h2h3
4,kara35356,EulerE,852,762,r3kbnr/p2bpppp/2pp4/2p5/1q2P1P1/2N4P/PPP2P2/R1BQKBNR w KQkq - 1 8,a5b4
4,kara35356,EulerE,852,762,r3kbnr/p2bpppp/2pp4/2p5/1q2P1P1/P1N4P/1PP2P2/R1BQKBNR b KQkq - 0 8,a2a3
4,kara35356,EulerE,852,762,r3kbnr/p2bpppp/2pp4/2p5/4q1P1/P1N4P/1PP2P2/R1BQKBNR w KQkq - 0 9,b4e4
5,EulerE,vendrick123,695,750,rnbqkbnr/pppppppp/8/8/8/4P3/PPPP1PPP/RNBQKBNR b KQkq - 0 1,e2e3
5,EulerE,vendrick123,695,750,rnbqkbnr/ppp1pppp/8/3p4/8/4P3/PPPP1PPP/RNBQKBNR w KQkq - 0 2,d7d5
5,EulerE,vendrick123,695,750,rnbqkbnr/ppp1pppp/8/3p4/3P4/4P3/PPP2PPP/RNBQKBNR b KQkq - 0 2,d2d4
5,EulerE,vendrick123,695,750,r1bqkbnr/ppp1pppp/2n5/3p4/3P4/4P3/PPP2PPP/RNBQKBNR w KQkq - 1 3,b8c6
5,EulerE,vendrick123,695,750,r1bqkbnr/ppp1pppp/2n5/3p4/3P4/4PN2/PPP2PPP/RNBQKB1R b KQkq - 2 3,g1f3
5,EulerE,vendrick123,695,750,r2qkbnr/ppp1pppp/2n5/3p4/3P2b1/4PN2/PPP2PPP/RNBQKB1R w KQkq - 3 4,c8g4
5,EulerE,vendrick123,695,750,r2qkbnr/ppp1pppp/2n5/3p4/3P2b1/4PN1P/PPP2PP1/RNBQKB1R b KQkq - 0 4,h2h3
5,EulerE,vendrick123,695,750,r2qkbnr/ppp1pppp/2n5/3p3b/3P4/4PN1P/PPP2PP1/RNBQKB1R w KQkq - 1 5,g4h5
5,EulerE,vendrick123,695,750,r2qkbnr/ppp1pppp/2n5/3p3b/3P4/4PNPP/PPP2P2/RNBQKB1R b KQkq - 0 5,g2g3
5,EulerE,vendrick123,695,750,r2qkbnr/ppp2ppp/2n5/3pp2b/3P4/4PNPP/PPP2P2/RNBQKB1R w KQkq - 0 6,e7e5
5,EulerE,vendrick123,695,750,r2qkbnr/ppp2ppp/2n5/3pp2b/3P2P1/4PN1P/PPP2P2/RNBQKB1R b KQkq - 0 6,g3g4
5,EulerE,vendrick123,695,750,r2qkbnr/ppp2ppp/2n5/3p3b/3Pp1P1/4PN1P/PPP2P2/RNBQKB1R w KQkq - 0 7,e5e4
5,EulerE,vendrick123,695,750,r2qkbnr/ppp2ppp/2n5/3p3P/3Pp3/4PN1P/PPP2P2/RNBQKB1R b KQkq - 0 7,g4h5
5,EulerE,vendrick123,695,750,r2qkbnr/ppp2ppp/2n5/3p3P/3P4/4Pp1P/PPP2P2/RNBQKB1R w KQkq - 0 8,e4f3
5,EulerE,vendrick123,695,750,r2qkbnr/ppp2ppp/2n5/3p3P/3P4/2P1Pp1P/PP3P2/RNBQKB1R b KQkq - 0 8,c2c3
5,EulerE,vendrick123,695,750,r2qkb1r/ppp2ppp/2n2n2/3p3P/3P4/2P1Pp1P/PP3P2/RNBQKB1R w KQkq - 1 9,g8f6
5,EulerE,vendrick123,695,750,r2qkb1r/ppp2ppp/2n2n2/3p3P/3P4/N1P1Pp1P/PP3P2/R1BQKB1R b KQkq - 2 9,b1a3
5,EulerE,vendrick123,695,750,r2qkb1r/ppp2ppp/2n5/3p3n/3P4/N1P1Pp1P/PP3P2/R1BQKB1R w KQkq - 0 10,f6h5
5,EulerE,vendrick123,695,750,r2qkb1r/ppp2ppp/2n5/3p3n/3P3P/N1P1Pp2/PP3P2/R1BQKB1R b KQkq - 0 10,h3h4
5,EulerE,vendrick123,695,750,r2qkb1r/1pp2ppp/2n5/p2p3n/3P3P/N1P1Pp2/PP3P2/R1BQKB1R w KQkq - 0 11,a7a5
5,EulerE,vendrick123,695,750,r2qkb1r/1pp2ppp/2n5/p2p3n/3P3P/N1P1Pp2/PP3P2/R1BQKBR1 b Qkq - 1 11,h1g1
5,EulerE,vendrick123,695,750,r3kb1r/1pp2ppp/2n2q2/p2p3n/3P3P/N1P1Pp2/PP3P2/R1BQKBR1 w Qkq - 2 12,d8f6
5,EulerE,vendrick123,695,750,r3kb1r/1pp2ppp/2n2q2/p2p3n/3P3P/N1P1Pp2/PPQ2P2/R1B1KBR1 b Qkq - 3 12,d1c2
5,EulerE,vendrick123,695,750,r3kb1r/2p2ppp/1pn2q2/p2p3n/3P3P/N1P1Pp2/PPQ2P2/R1B1KBR1 w Qkq - 0 13,b7b6
5,EulerE,vendrick123,695,750,r3kb1r/2p2ppp/1pn2q2/pN1p3n/3P3P/2P1Pp2/PPQ2P2/R1B1KBR1 b Qkq - 1 13,a3b5
6,itfcitfc,EulerE,696,752,rnbqkbnr/pppppppp/8/8/4P3/8/PPPP1PPP/RNBQKBNR b KQkq - 0 1,e2e4
6,itfcitfc,EulerE,696,752,rnbqkbnr/pppp1ppp/8/4p3/4P3/8/PPPP1PPP/RNBQKBNR w KQkq - 0 2,e7e5
6,itfcitfc,EulerE,696,752,rnbqkbnr/pppp1ppp/8/4p3/4P3/3P4/PPP2PPP/RNBQKBNR b KQkq - 0 2,d2d3
6,itfcitfc,EulerE,696,752,r1bqkbnr/pppp1ppp/2n5/4p3/4P3/3P4/PPP2PPP/RNBQKBNR w KQkq - 1 3,b8c6
6,itfcitfc,EulerE,696,752,r1bqkbnr/pppp1ppp/2n5/4p3/4P3/3P1N2/PPP2PPP/RNBQKB1R b KQkq - 2 3,g1f3
6,itfcitfc,EulerE,696,752,r1bqk1nr/ppppbppp/2n5/4p3/4P3/3P1N2/PPP2PPP/RNBQKB1R w KQkq - 3 4,f8e7
6,itfcitfc,EulerE,696,752,r1bqk1nr/ppppbppp/2n5/4p3/2P1P3/3P1N2/PP3PPP/RNBQKB1R b KQkq - 0 4,c2c4
6,itfcitfc,EulerE,696,752,r1bqk1nr/ppppb1pp/2n2p2/4p3/2P1P3/3P1N2/PP3PPP/RNBQKB1R w KQkq - 0 5,f7f6
6,itfcitfc,EulerE,696,752,r1bqk1nr/ppppb1pp/2n2p2/4p3/2PPP3/5N2/PP3PPP/RNBQKB1R b KQkq - 0 5,d3d4
6,itfcitfc,EulerE,696,752,r1bqk1nr/ppppb1pp/5p2/4p3/2PnP3/5N2/PP3PPP/RNBQKB1R w KQkq - 0 6,c6d4
6,itfcitfc,EulerE,696,752,r1bqk1nr/ppppb1pp/5p2/4p3/2PNP3/8/PP3PPP/RNBQKB1R b KQkq - 0 6,f3d4
6,itfcitfc,EulerE,696,752,r1bqk1nr/pp1pb1pp/2p2p2/4p3/2PNP3/8/PP3PPP/RNBQKB1R w KQkq - 0 7,c7c6
6,itfcitfc,EulerE,696,752,r1bqk1nr/pp1pb1pp/2p2p2/2P1p3/3NP3/8/PP3PPP/RNBQKB1R b KQkq - 0 7,c4c5
6,itfcitfc,EulerE,696,752,r1bqk2r/pp1pb1pp/2p2p1n/2P1p3/3NP3/8/PP3PPP/RNBQKB1R w KQkq - 1 8,g8h6
6,itfcitfc,EulerE,696,752,r1bqk2r/pp1pb1pp/2p2p1n/2P1p3/3NP3/8/PP2BPPP/RNBQK2R b KQkq - 2 8,f1e2
6,itfcitfc,EulerE,696,752,r1bq1rk1/pp1pb1pp/2p2p1n/2P1p3/3NP3/8/PP2BPPP/RNBQK2R w KQ - 3 9,e8g8
6,itfcitfc,EulerE,696,752,r1bq1rk1/pp1pb1pp/2p2p1n/2P1p3/3NP3/8/PP2BPPP/RNBQ1K1R b - - 4 9,e1f1
6,itfcitfc,EulerE,696,752,r1bq1rk1/pp1pb1pp/2p2p1n/2P5/3pP3/8/PP2BPPP/RNBQ1K1R w - - 0 10,e5d4
6,itfcitfc,EulerE,696,752,r1bq1rk1/pp1pb1pp/2p2p1n/2P5/3pP3/8/PP2BPPP/RNBQ1KR1 b - - 1 10,h1g1
6,itfcitfc,EulerE,696,752,r1bq1rk1/pp1pb1pp/2p4n/2P2p2/3pP3/8/PP2BPPP/RNBQ1KR1 w - - 0 11,f6f5
6,itfcitfc,EulerE,696,752,r1bq1rk1/pp1pb1pp/2p4n/2P2p2/2BpP3/8/PP3PPP/RNBQ1KR1 b - - 1 11,e2c4
6,itfcitfc,EulerE,696,752,r1bq1r1k/pp1pb1pp/2p4n/2P2p2/2BpP3/8/PP3PPP/RNBQ1KR1 w - - 2 12,g8h8
6,itfcitfc,EulerE,696,752,r1bq1r1k/pp1pb1pp/2p4n/2P2p2/2BpP3/8/PP1N1PPP/R1BQ1KR1 b - - 3 12,b1d2
6,itfcitfc,EulerE,696,752,r1bq1r1k/pp1p2pp/2p2b1n/2P2p2/2BpP3/8/PP1N1PPP/R1BQ1KR1 w - - 4 13,e7f6
6,itfcitfc,EulerE,696,752,r1bq1r1k/pp1p2pp/2p2b1n/2P2P2/2Bp4/8/PP1N1PPP/R1BQ1KR1 b - - 0 13,e4f5
6,itfcitfc,EulerE,696,752,r1bq1r1k/pp1p2pp/2p2b2/2P2n2/2Bp4/8/PP1N1PPP/R1BQ1KR1 w - - 0 14,h6f5
6,itfcitfc,EulerE,696,752,r1bq1r1k/pp1p2pp/2p2b2/2P2n2/2Bp4/5Q2/PP1N1PPP/R1B2KR1 b - - 1 14,d1f3
6,itfcitfc,EulerE,696,752,r1bq1r1k/pp1p2pp/2p2b2/2P5/2Bp3n/5Q2/PP1N1PPP/R1B2KR1 w - - 2 15,f5h4
6,itfcitfc,EulerE,696,752,r1bq1r1k/pp1p2pp/2p2b2/2P5/2BpQ2n/8/PP1N1PPP/R1B2KR1 b - - 3 15,f3e4
6,itfcitfc,EulerE,696,752,r1bqr2k/pp1p2pp/2p2b2/2P5/2BpQ2n/8/PP1N1PPP/R1B2KR1 w - - 4 16,f8e8
6,itfcitfc,EulerE,696,752,r1bqr2k/pp1p2pp/2p2b2/2P5/2BQ3n/8/PP1N1PPP/R1B2KR1 b - - 0 16,e4d4
6,itfcitfc,EulerE,696,752,r1bqr2k/pp1p2pp/2p5/2P5/2Bb3n/8/PP1N1PPP/R1B2KR1 w - - 0 17,f6d4
6,itfcitfc,EulerE,696,752,r1bqr2k/pp1p1Bpp/2p5/2P5/3b3n/8/PP1N1PPP/R1B2KR1 b - - 1 17,c4f7
6,itfcitfc,EulerE,696,752,r1bq3k/pp1prBpp/2p5/2P5/3b3n/8/PP1N1PPP/R1B2KR1 w - - 2 18,e8e7
6,itfcitfc,EulerE,696,752,r1bq3k/pp1pr1pp/2p5/2P5/3b3n/1B6/PP1N1PPP/R1B2KR1 b - - 3 18,f7b3
6,itfcitfc,EulerE,696,752,r1bq3k/pp2r1pp/2pp4/2P5/3b3n/1B6/PP1N1PPP/R1B2KR1 w - - 0 19,d7d6
6,itfcitfc,EulerE,696,752,r1bq3k/pp2r1pp/2pP4/8/3b3n/1B6/PP1N1PPP/R1B2KR1 b - - 0 19,c5d6
6,itfcitfc,EulerE,696,752,r1bq3k/pp1r2pp/2pP4/8/3b3n/1B6/PP1N1PPP/R1B2KR1 w - - 1 20,e7d7
6,itfcitfc,EulerE,696,752,r1bq3k/pp1r2pp/2pP4/8/2Nb3n/1B6/PP3PPP/R1B2KR1 b - - 2 20,d2c4
6,itfcitfc,EulerE,696,752,r1bq3k/pp4pp/2pr4/8/2Nb3n/1B6/PP3PPP/R1B2KR1 w - - 0 21,d7d6
6,itfcitfc,EulerE,696,752,r1bq3k/pp4pp/2pN4/8/3b3n/1B6/PP3PPP/R1B2KR1 b - - 0 21,c4d6
6,itfcitfc,EulerE,696,752,r1b4k/pp1q2pp/2pN4/8/3b3n/1B6/PP3PPP/R1B2KR1 w - - 1 22,d8d7
6,itfcitfc,EulerE,696,752,r1b4k/pp1q2pp/2pN4/8/3b3n/1B6/PP2KPPP/R1B3R1 b - - 2 22,f1e2
6,itfcitfc,EulerE,696,752,r1b4k/pp4pp/2pq4/8/3b3n/1B6/PP2KPPP/R1B3R1 w - - 0 23,d7d6
6,itfcitfc,EulerE,696,752,r1b4k/pp4pp/2pq4/8/3b3n/1B6/PP1K1PPP/R1B3R1 b - - 1 23,e2d2
6,itfcitfc,EulerE,696,752,r1b4k/pp4pp/2p5/4q3/3b3n/1B6/PP1K1PPP/R1B3R1 w - - 2 24,d6e5
6,itfcitfc,EulerE,696,752,r1b4k/pp4pp/2p5/4q3/3b3n/1B1K4/PP3PPP/R1B3R1 b - - 3 24,d2d3
6,itfcitfc,EulerE,696,752,r1b4k/pp4pp/2p5/4q3/7n/1B1K4/Pb3PPP/R1B3R1 w - - 0 25,d4b2
6,itfcitfc,EulerE,696,752,r1b4k/pp4pp/2p5/4q3/7n/1B1K4/PB3PPP/R5R1 b - - 0 25,c1b2
6,itfcitfc,EulerE,696,752,r1b4k/pp4pp/2p5/8/7n/1B1K4/Pq3PPP/R5R1 w - - 0 26,e5b2
6,itfcitfc,EulerE,696,752,r1b4k/pp4pp/2p5/8/7n/1B1K4/Pq3PPP/R3R3 b - - 1 26,g1e1
6,itfcitfc,EulerE,696,752,r1b4k/pp4pp/2p5/8/7n/1q1K4/P4PPP/R3R3 w - - 0 27,b2b3
6,itfcitfc,EulerE,696,752,r1b4k/pp4pp/2p5/8/7n/1P1K4/5PPP/R3R3 b - - 0 27,a2b3
6,itfcitfc,EulerE,696,752,r6k/pp4pp/2p5/5b2/7n/1P1K4/5PPP/R3R3 w - - 1 28,c8f5
6,itfcitfc,EulerE,696,752,r6k/pp4pp/2p5/5b2/7n/1P6/3K1PPP/R3R3 b - - 2 28,d3d2
6,itfcitfc,EulerE,696,752,r5k1/pp4pp/2p5/5b2/7n/1P6/3K1PPP/R3R3 w - - 3 29,h8g8
6,itfcitfc,EulerE,696,752,r3R1k1/pp4pp/2p5/5b2/7n/1P6/3K1PPP/R7 b - - 4 29,e1e8
6,itfcitfc,EulerE,696,752,4r1k1/pp4pp/2p5/5b2/7n/1P6/3K1PPP/R7 w - - 0 30,a8e8
7,lgbaron,EulerE,790,708,rnbqkbnr/pppppppp/8/8/4P3/8/PPPP1PPP/RNBQKBNR b KQkq - 0 1,e2e4
7,lgbaron,EulerE,790,708,rnbqkbnr/pppp1ppp/8/4p3/4P3/8/PPPP1PPP/RNBQKBNR w KQkq - 0 2,e7e5
7,lgbaron,EulerE,790,708,rnbqkbnr/pppp1ppp/8/4p3/3PP3/8/PPP2PPP/RNBQKBNR b KQkq - 0 2,d2d4
7,lgbaron,EulerE,790,708,rnbqkbnr/pppp2pp/5p2/4p3/3PP3/8/PPP2PPP/RNBQKBNR w KQkq - 0 3,f7f6
7,lgbaron,EulerE,790,708,rnbqkbnr/pppp2pp/5p2/4p3/3PP3/5N2/PPP2PPP/RNBQKB1R b KQkq - 1 3,g1f3
7,lgbaron,EulerE,790,708,rnbqkb1r/pppp2pp/5p1n/4p3/3PP3/5N2/PPP2PPP/RNBQKB1R w KQkq - 2 4,g8h6
7,lgbaron,EulerE,790,708,rnbqkb1r/pppp2pp/5p1n/4p3/2BPP3/5N2/PPP2PPP/RNBQK2R b KQkq - 3 4,f1c4
7,lgbaron,EulerE,790,708,rnbqkb1r/pp1p2pp/2p2p1n/4p3/2BPP3/5N2/PPP2PPP/RNBQK2R w KQkq - 0 5,c7c6
7,lgbaron,EulerE,790,708,rnbqkb1r/pp1p2pp/2p2p1n/4N3/2BPP3/8/PPP2PPP/RNBQK2R b KQkq - 0 5,f3e5
7,lgbaron,EulerE,790,708,rnbqkb1r/pp1p2pp/2p4n/4p3/2BPP3/8/PPP2PPP/RNBQK2R w KQkq - 0 6,f6e5
7,lgbaron,EulerE,790,708,rnbqkb1r/pp1p2pp/2p4n/4P3/2B1P3/8/PPP2PPP/RNBQK2R b KQkq - 0 6,d4e5
7,lgbaron,EulerE,790,708,rnbqkb1r/pp1p3p/2p4n/4P1p1/2B1P3/8/PPP2PPP/RNBQK2R w KQkq - 0 7,g7g5
7,lgbaron,EulerE,790,708,rnbqkb1r/pp1p3p/2p4n/4P1pQ/2B1P3/8/PPP2PPP/RNB1K2R b KQkq - 1 7,d1h5
7,lgbaron,EulerE,790,708,rnbq1b1r/pp1pk2p/2p4n/4P1pQ/2B1P3/8/PPP2PPP/RNB1K2R w KQ - 2 8,e8e7
7,lgbaron,EulerE,790,708,rnbq1b1r/pp1pk2p/2p4n/4P1BQ/2B1P3/8/PPP2PPP/RN2K2R b KQ - 0 8,c1g5
8,EulerE,pedromartins21,674,791,rnbqkbnr/pppppppp/8/8/2P5/8/PP1PPPPP/RNBQKBNR b KQkq - 0 1,c2c4
8,EulerE,pedromartins21,674,791,rnbqkbnr/pppp1ppp/8/4p3/2P5/8/PP1PPPPP/RNBQKBNR w KQkq - 0 2,e7e5
8,EulerE,pedromartins21,674,791,rnbqkbnr/pppp1ppp/8/4p3/2P5/3P4/PP2PPPP/RNBQKBNR b KQkq - 0 2,d2d3
8,EulerE,pedromartins21,674,791,r1bqkbnr/pppp1ppp/2n5/4p3/2P5/3P4/PP2PPPP/RNBQKBNR w KQkq - 1 3,b8c6
8,EulerE,pedromartins21,674,791,r1bqkbnr/pppp1ppp/2n5/4p3/2P5/3P4/PP1BPPPP/RN1QKBNR b KQkq - 2 3,c1d2
8,EulerE,pedromartins21,674,791,r1b1kbnr/pppp1ppp/2n2q2/4p3/2P5/3P4/PP1BPPPP/RN1QKBNR w KQkq - 3 4,d8f6
8,EulerE,pedromartins21,674,791,r1b1kbnr/pppp1ppp/2n2q2/4p3/2P5/3P1P2/PP1BP1PP/RN1QKBNR b KQkq - 0 4,f2f3
8,EulerE,pedromartins21,674,791,r1b1kbnr/pppp1ppp/2n3q1/4p3/2P5/3P1P2/PP1BP1PP/RN1QKBNR w KQkq - 1 5,f6g6
8,EulerE,pedromartins21,674,791,r1b1kbnr/pppp1ppp/2n3q1/4p3/2P5/3P1PP1/PP1BP2P/RN1QKBNR b KQkq - 0 5,g2g3
8,EulerE,pedromartins21,674,791,r1b1k1nr/pppp1ppp/2nb2q1/4p3/2P5/3P1PP1/PP1BP2P/RN1QKBNR w KQkq - 1 6,f8d6
8,EulerE,pedromartins21,674,791,r1b1k1nr/pppp1ppp/2nb2q1/4p3/Q1P5/3P1PP1/PP1BP2P/RN2KBNR b KQkq - 2 6,d1a4
8,EulerE,pedromartins21,674,791,r1b1k2r/pppp1ppp/2nb1nq1/4p3/Q1P5/3P1PP1/PP1BP2P/RN2KBNR w KQkq - 3 7,g8f6
8,EulerE,pedromartins21,674,791,r1b1k2r/pppp1ppp/2nb1nq1/4p3/Q1P5/2NP1PP1/PP1BP2P/R3KBNR b KQkq - 4 7,b1c3
8,EulerE,pedromartins21,674,791,r1b2rk1/pppp1ppp/2nb1nq1/4p3/Q1P5/2NP1PP1/PP1BP2P/R3KBNR w KQ - 5 8,e8g8
8,EulerE,pedromartins21,674,791,r1b2rk1/pppp1ppp/2nb1nq1/4p3/Q1P5/2NP1PP1/PP1BP2P/2KR1BNR b - - 6 8,e1c1
8,EulerE,pedromartins21,674,791,r1b1r1k1/pppp1ppp/2nb1nq1/4p3/Q1P5/2NP1PP1/PP1BP2P/2KR1BNR w - - 7 9,f8e8
8,EulerE,pedromartins21,674,791,r1b1r1k1/pppp1ppp/2nb1nq1/4p3/Q1P1N3/3P1PP1/PP1BP2P/2KR1BNR b - - 8 9,c3e4
8,EulerE,pedromartins21,674,791,r1b1r1k1/pppp1ppp/2n2nq1/4p3/QbP1N3/3P1PP1/PP1BP2P/2KR1BNR w - - 9 10,d6b4
8,EulerE,pedromartins21,674,791,r1b1r1k1/pppp1ppp/2n2nq1/4p3/QBP1N3/3P1PP1/PP2P2P/2KR1BNR b - - 0 10,d2b4
8,EulerE,pedromartins21,674,791,r1b1r1k1/pppp1ppp/5nq1/4p3/QnP1N3/3P1PP1/PP2P2P/2KR1BNR w - - 0 11,c6b4
8,EulerE,pedromartins21,674,791,r1b1r1k1/pppp1ppp/5nq1/4p3/1QP1N3/3P1PP1/PP2P2P/2KR1BNR b - - 0 11,a4b4
8,EulerE,pedromartins21,674,791,r1b1r1k1/ppp2ppp/3p1nq1/4p3/1QP1N3/3P1PP1/PP2P2P/2KR1BNR w - - 0 12,d7d6
8,EulerE,pedromartins21,674,791,r1b1r1k1/ppp2ppp/3p1Nq1/4p3/1QP5/3P1PP1/PP2P2P/2KR1BNR b - - 0 12,e4f6
8,EulerE,pedromartins21,674,791,r1b1r1k1/ppp2ppp/3p1q2/4p3/1QP5/3P1PP1/PP2P2P/2KR1BNR w - - 0 13,g6f6
8,EulerE,pedromartins21,674,791,r1b1r1k1/ppp2ppp/3p1q2/4p3/1QP5/3P1PPB/PP2P2P/2KR2NR b - - 1 13,f1h3
8,EulerE,pedromartins21,674,791,r3r1k1/ppp2ppp/3p1q2/4p3/1QP5/3P1PPb/PP2P2P/2KR2NR w - - 0 14,c8h3
8,EulerE,pedromartins21,674,791,r3r1k1/ppp2ppp/3p1q2/4p3/1QP5/3P1PPN/PP2P2P/2KR3R b - - 0 14,g1h3
8,EulerE,pedromartins21,674,791,r3r1k1/ppp2ppp/3p4/4p3/1QP4q/3P1PPN/PP2P2P/2KR3R w - - 1 15,f6h4
8,EulerE,pedromartins21,674,791,r3r1k1/ppp2ppp/3p4/4p3/1QP4P/3P1P1N/PP2P2P/2KR3R b - - 0 15,g3h4
8,EulerE,pedromartins21,674,791,r3r1k1/pp3ppp/3p4/2p1p3/1QP4P/3P1P1N/PP2P2P/2KR3R w - - 0 16,c7c5
8,EulerE,pedromartins21,674,791,r3r1k1/pQ3ppp/3p4/2p1p3/2P4P/3P1P1N/PP2P2P/2KR3R b - - 0 16,b4b7
8,EulerE,pedromartins21,674,791,1r2r1k1/pQ3ppp/3p4/2p1p3/2P4P/3P1P1N/PP2P2P/2KR3R w - - 1 17,a8b8
8,EulerE,pedromartins21,674,791,1r2r1k1/Q4ppp/3p4/2p1p3/2P4P/3P1P1N/PP2P2P/2KR3R b - - 0 17,b7a7
8,EulerE,pedromartins21,674,791,2r1r1k1/Q4ppp/3p4/2p1p3/2P4P/3P1P1N/PP2P2P/2KR3R w - - 1 18,b8c8
8,EulerE,pedromartins21,674,791,2r1r1k1/3Q1ppp/3p4/2p1p3/2P4P/3P1P1N/PP2P2P/2KR3R b - - 2 18,a7d7
8,EulerE,pedromartins21,674,791,2r1rk2/3Q1ppp/3p4/2p1p3/2P4P/3P1P1N/PP2P2P/2KR3R w - - 3 19,g8f8
8,EulerE,pedromartins21,674,791,2r1rk2/5ppp/3Q4/2p1p3/2P4P/3P1P1N/PP2P2P/2KR3R b - - 0 19,d7d6
8,EulerE,pedromartins21,674,791,2r1r1k1/5ppp/3Q4/2p1p3/2P4P/3P1P1N/PP2P2P/2KR3R w - - 1 20,f8g8
8,EulerE,pedromartins21,674,791,2r1r1k1/5ppp/Q7/2p1p3/2P4P/3P1P1N/PP2P2P/2KR3R b - - 2 20,d6a6
8,EulerE,pedromartins21,674,791,2r1r1k1/5ppp/Q7/2p5/2P1p2P/3P1P1N/PP2P2P/2KR3R w - - 0 21,e5e4
8,EulerE,pedromartins21,674,791,2r1r1k1/5ppp/Q7/2p5/2P1P2P/3P3N/PP2P2P/2KR3R b - - 0 21,f3e4
8,EulerE,pedromartins21,674,791,2r1r1k1/6pp/Q7/2p2p2/2P1P2P/3P3N/PP2P2P/2KR3R w - - 0 22,f7f5
8,EulerE,pedromartins21,674,791,2r1r1k1/6pp/Q7/2p2p2/2P1P2P/3P3N/PP2P2P/2KR1R2 b - - 1 22,h1f1
8,EulerE,pedromartins21,674,791,2r2rk1/6pp/Q7/2p2p2/2P1P2P/3P3N/PP2P2P/2KR1R2 w - - 2 23,e8f8
8,EulerE,pedromartins21,674,791,2r2rk1/6pp/Q7/2p2P2/2P4P/3P3N/PP2P2P/2KR1R2 b - - 0 23,e4f5
8,EulerE,pedromartins21,674,791,2r1r1k1/6pp/Q7/2p2P2/2P4P/3P3N/PP2P2P/2KR1R2 w - - 1 24,f8e8
8,EulerE,pedromartins21,674,791,2r1r1k1/6pp/Q7/2p2PN1/2P4P/3P4/PP2P2P/2KR1R2 b - - 2 24,h3g5
8,EulerE,pedromartins21,674,791,2r3k1/6pp/Q7/2p2PN1/2P4P/3P4/PP2r2P/2KR1R2 w - - 0 25,e8e2
8,EulerE,pedromartins21,674,791,2r3k1/6pp/Q7/2p2PN1/2P4P/3P4/PP2r2P/2K1RR2 b - - 1 25,d1e1
8,EulerE,pedromartins21,674,791,2r3k1/6pp/Q7/2p2PN1/2P4P/3P4/PP5r/2K1RR2 w - - 0 26,e2h2
8,EulerE,pedromartins21,674,791,2r3k1/6pN/Q7/2p2P2/2P4P/3P4/PP5r/2K1RR2 b - - 0 26,g5h7
8,EulerE,pedromartins21,674,791,2r3k1/6pN/Q7/2p2P2/2P4P/3P3r/PP6/2K1RR2 w - - 1 27,h2h3
8,EulerE,pedromartins21,674,791,2r3k1/6p1/Q7/2p2PN1/2P4P/3P3r/PP6/2K1RR2 b - - 2 27,h7g5
8,EulerE,pedromartins21,674,791,2r3k1/6p1/Q7/2p2PN1/2P4r/3P4/PP6/2K1RR2 w - - 0 28,h3h4
8,EulerE,pedromartins21,674,791,2r3k1/6p1/Q7/2p2PN1/2P4r/3P4/PP6/2K1R2R b - - 1 28,f1h1
8,EulerE,pedromartins21,674,791,2r3k1/6p1/Q7/2p2PN1/2P3r1/3P4/PP6/2K1R2R w - - 2 29,h4g4
8,EulerE,pedromartins21,674,791,2r3k1/6p1/Q7/2p2PN1/2P1R1r1/3P4/PP6/2K4R b - - 3 29,e1e4
8,EulerE,pedromartins21,674,791,2r3k1/6p1/Q7/2p2Pr1/2P1R3/3P4/PP6/2K4R w - - 0 30,g4g5
8,EulerE,pedromartins21,674,791,2r3k1/6p1/8/Q1p2Pr1/2P1R3/3P4/PP6/2K4R b - - 1 30,a6a5
8,EulerE,pedromartins21,674,791,2r3k1/6p1/8/Q1p2r2/2P1R3/3P4/PP6/2K4R w - - 0 31,g5f5
8,EulerE,pedromartins21,674,791,2r3k1/6p1/8/2p2r2/2P1R3/3P4/PP1Q4/2K4R b - - 1 31,a5d2
8,EulerE,pedromartins21,674,791,3r2k1/6p1/8/2p2r2/2P1R3/3P4/PP1Q4/2K4R w - - 2 32,c8d8
8,EulerE,pedromartins21,674,791,3r2k1/6p1/8/2p2r2/2P1R3/3P4/PP1Q4/2K1R3 b - - 3 32,h1e1
8,EulerE,pedromartins21,674,791,3r2k1/6p1/8/2p5/2P1R3/3P1r2/PP1Q4/2K1R3 w - - 4 33,f5f3
8,EulerE,pedromartins21,674,791,3r2k1/6p1/8/2p5/2P1R3/3P1r2/PP1Q4/2K2R2 b - - 5 33,e1f1
8,EulerE,pedromartins21,674,791,3r2k1/6p1/8/2p5/2P1R3/3r4/PP1Q4/2K2R2 w - - 0 34,f3d3
8,EulerE,pedromartins21,674,791,3r2k1/6p1/8/2p5/2P1R3/3r4/PP1Q4/2KR4 b - - 1 34,f1d1
8,EulerE,pedromartins21,674,791,3r2k1/6p1/8/2p5/2P1R3/5r2/PP1Q4/2KR4 w - - 2 35,d3f3
8,EulerE,pedromartins21,674,791,3Q2k1/6p1/8/2p5/2P1R3/5r2/PP6/2KR4 b - - 0 35,d2d8
8,EulerE,pedromartins21,674,791,3Q4/6pk/8/2p5/2P1R3/5r2/PP6/2KR4 w - - 1 36,g8h7
8,EulerE,pedromartins21,674,791,3Q4/6pk/8/2p5/2P4R/5r2/PP6/2KR4 b - - 2 36,e4h4
8,EulerE,pedromartins21,674,791,3Q4/6p1/6k1/2p5/2P4R/5r2/PP6/2KR4 w - - 3 37,h7g6
8,EulerE,pedromartins21,674,791,3Q4/6p1/3R2k1/2p5/2P4R/5r2/PP6/2K5 b - - 4 37,d1d6
8,EulerE,pedromartins21,674,791,3Q4/6p1/3R4/2p2k2/2P4R/5r2/PP6/2K5 w - - 5 38,g6f5
8,EulerE,pedromartins21,674,791,3Q4/6p1/8/2pR1k2/2P4R/5r2/PP6/2K5 b - - 6 38,d6d5
8,EulerE,pedromartins21,674,791,3Q4/6p1/4k3/2pR4/2P4R/5r2/PP6/2K5 w - - 7 39,f5e6
8,EulerE,pedromartins21,674,791,8/6p1/3Qk3/2pR4/2P4R/5r2/PP6/2K5 b - - 8 39,d8d6
8,EulerE,pedromartins21,674,791,8/5kp1/3Q4/2pR4/2P4R/5r2/PP6/2K5 w - - 9 40,e6f7
8,EulerE,pedromartins21,674,791,3Q4/5kp1/8/2pR4/2P4R/5r2/PP6/2K5 b - - 10 40,d6d8
8,EulerE,pedromartins21,674,791,3Q4/5kp1/5r2/2pR4/2P4R/8/PP6/2K5 w - - 11 41,f3f6
8,EulerE,pedromartins21,674,791,3Q3R/5kp1/5r2/2pR4/2P5/8/PP6/2K5 b - - 12 41,h4h8
8,EulerE,pedromartins21,674,791,3Q3R/5kp1/8/2pR4/2P5/8/PP3r2/2K5 w - - 13 42,f6f2
8,EulerE,pedromartins21,674,791,5Q1R/5kp1/8/2pR4/2P5/8/PP3r2/2K5 b - - 14 42,d8f8
8,EulerE,pedromartins21,674,791,5Q1R/6p1/6k1/2pR4/2P5/8/PP3r2/2K5 w - - 15 43,f7g6
